id,name,price,category,brand,type,category,collection,images,image_url_1,image_url_2,image_url_3,image_url_4,image_url_5,image_url_6,image_url_7,image_url_8,image_url_9,image_url_10,image_url_11,image_url_12,image_url_13,image_url_14,image_url_15,image_url_16,image_url_17,image_url_18,image_url_19,image_url_20,image_url_21,image_url_22,image_url_23,image_url_24,image_url_26,image_url_27,image_url_28,image_url_29,image_url_30,image_url_31,image_url_32
Stanton 12.5oz // Tinted Weft Rogue Territory,Stanton 12.5oz // Tinted Weft,230,SLIM-STRAIGHT,Rogue Territory,Pants; Denim,Men,Heritage; Selvedge,rogueterritory.com/6b7fb271e8af0082488bfca24b743318ffdcf5b0.jpg|rogueterritory.com/1190c04f19c509e5911ed33d6c32872edd9e3860.jpg|rogueterritory.com/739f4a831aed922d5b5d0feba460b0960a7f307f.jpg|rogueterritory.com/0989ad1de98e58fa954b8663d44176b53a6663a8.jpg|rogueterritory.com/592f93d4bacb84b19fadf1e00ec2fa1b5983ca4b.jpg|rogueterritory.com/d0d0c46dd3cc08bde8234ff7df0c4ee59313140f.jpg|rogueterritory.com/ea9fd7bc717705e2ca9f1dc956e10bc273068d4e.jpg|rogueterritory.com/975f4a1d3ffff2222b6a531e52af5253b2d41be3.jpg|rogueterritory.com/31332d55ffc8701449f29a22ab1cee2d9ba06531.jpg|rogueterritory.com/20b99e36839f58ac72bc20c9a2d2a1acec166573.jpg|rogueterritory.com/5cc6e3cedbba70cbb1bc456a89978e6d9af631f2.jpg|rogueterritory.com/5cd22eb756c4c57ad9e2239fa80d8f97a8ea6058.jpg,https://cdn.shopify.com/s/files/1/2633/5944/products/6c62066c6adeea47e21997e23aeb756a_1920x.jpg,https://cdn.shopify.com/s/files/1/2633/5944/products/d0c7ac7ef86010102b6348610158aa89_1920x.jpg,https://cdn.shopify.com/s/files/1/2633/5944/products/595e288bd487bc9e2a9d48b3bf84169c_1920x.jpg,https://cdn.shopify.com/s/files/1/2633/5944/products/6b53c231087129a48acd23407a85bf5d_1920x.jpg,https://cdn.shopify.com/s/files/1/2633/5944/products/RogueTerritory_Stanton17ozSlubDark_front_1920x.jpg,https://cdn.shopify.com/s/files/1/2633/5944/products/RogueTerritory_Stanton17ozSlubDark_side_1920x.jpg,https://cdn.shopify.com/s/files/1/2633/5944/products/2404fbd8237eeee5c78ad114effb04e8_1920x.jpg,https://cdn.shopify.com/s/files/1/2633/5944/products/ae01a31dabe52985a9ae1528ba3386cb_1920x.jpg,https://cdn.shopify.com/s/files/1/2633/5944/products/a8f0a3f80f6f134929960bf6ee73d7a0_1920x.jpg,https://cdn.shopify.com/s/files/1/2633/5944/products/643fcdd4a38375ee2c7e70f5dedeb329_1920x.jpg,https://cdn.shopify.com/s/files/1/2633/5944/products/26b5ef1c14362801af6355ac21b66c1c_1920x.jpg,https://cdn.shopify.com/s/files/1/2633/5944/products/7014524b04cf8c90c3290b4827038223_1920x.jpg,,,,,,,,,,,,,,,,,,,
Dark Stanton Rogue Territory,Dark Stanton,240,SLIM-STRAIGHT,Rogue Territory,Pants; Denim,Men,Heritage; Selvedge; Modern,rogueterritory.com/6d3fa40e0a16e72488a91fd44ce4351abbb712ef.jpg|rogueterritory.com/e9123e0bc6f3a54a3bf33ce2b105f3f9baa72b88.jpg|rogueterritory.com/08a57e9137a63ff83e5843aea4a9b82eee36cccc.jpg|rogueterritory.com/cf20425fa161f7ac90ada5a7d839d3d137b6a326.jpg|rogueterritory.com/8bd3ba674fc437ba6a59c2ef07724cffccbe85c4.jpg|rogueterritory.com/592f93d4bacb84b19fadf1e00ec2fa1b5983ca4b.jpg|rogueterritory.com/d0d0c46dd3cc08bde8234ff7df0c4ee59313140f.jpg|rogueterritory.com/ea9fd7bc717705e2ca9f1dc956e10bc273068d4e.jpg|rogueterritory.com/975f4a1d3ffff2222b6a531e52af5253b2d41be3.jpg|rogueterritory.com/31332d55ffc8701449f29a22ab1cee2d9ba06531.jpg|rogueterritory.com/20b99e36839f58ac72bc20c9a2d2a1acec166573.jpg|rogueterritory.com/5cc6e3cedbba70cbb1bc456a89978e6d9af631f2.jpg|rogueterritory.com/5cd22eb756c4c57ad9e2239fa80d8f97a8ea6058.jpg,https://cdn.shopify.com/s/files/1/2633/5944/products/aadaa961657467bfdd4f4c409a052c36_1920x.jpg,https://cdn.shopify.com/s/files/1/2633/5944/products/c7038f3a3f8167acd14d26db49aa6cc6_1920x.jpg,https://cdn.shopify.com/s/files/1/2633/5944/products/b2640feab33d739423473ca011cc105a_1920x.jpg,https://cdn.shopify.com/s/files/1/2633/5944/products/f682d7920976549f22a90251fd54ba0f_1920x.jpg,https://cdn.shopify.com/s/files/1/2633/5944/products/826228986c162fdb3f378432aac46651_1920x.jpg,https://cdn.shopify.com/s/files/1/2633/5944/products/RogueTerritory_Stanton17ozSlubDark_front_1920x.jpg,https://cdn.shopify.com/s/files/1/2633/5944/products/RogueTerritory_Stanton17ozSlubDark_side_1920x.jpg,https://cdn.shopify.com/s/files/1/2633/5944/products/2404fbd8237eeee5c78ad114effb04e8_1920x.jpg,https://cdn.shopify.com/s/files/1/2633/5944/products/ae01a31dabe52985a9ae1528ba3386cb_1920x.jpg,https://cdn.shopify.com/s/files/1/2633/5944/products/a8f0a3f80f6f134929960bf6ee73d7a0_1920x.jpg,https://cdn.shopify.com/s/files/1/2633/5944/products/643fcdd4a38375ee2c7e70f5dedeb329_1920x.jpg,https://cdn.shopify.com/s/files/1/2633/5944/products/26b5ef1c14362801af6355ac21b66c1c_1920x.jpg,https://cdn.shopify.com/s/files/1/2633/5944/products/7014524b04cf8c90c3290b4827038223_1920x.jpg,,,,,,,,,,,,,,,,,,
Stanton 16.75oz // Slub Rogue Territory,Stanton 16.75oz // Slub,250,SLIM-STRAIGHT,Rogue Territory,Pants; Denim,Men,Heritage; Selvedge,rogueterritory.com/9f5b5941c3eb1b208fe6009a8e53da5f75518736.jpg|rogueterritory.com/b9bec278eeeca140a1fd698d34fcb7525095f536.jpg|rogueterritory.com/a03f670b21642883d8da679b13eedf3661fbb565.jpg|rogueterritory.com/0eeecc07186391976bc33c331f43abcd5cf84603.jpg|rogueterritory.com/fe861a00a685a6a678caa1e81187db33b892749e.jpg|rogueterritory.com/322a0c9f346a60d6712c78464a45c6ddc5994552.jpg|rogueterritory.com/592f93d4bacb84b19fadf1e00ec2fa1b5983ca4b.jpg|rogueterritory.com/d0d0c46dd3cc08bde8234ff7df0c4ee59313140f.jpg|rogueterritory.com/ea9fd7bc717705e2ca9f1dc956e10bc273068d4e.jpg|rogueterritory.com/975f4a1d3ffff2222b6a531e52af5253b2d41be3.jpg|rogueterritory.com/31332d55ffc8701449f29a22ab1cee2d9ba06531.jpg|rogueterritory.com/20b99e36839f58ac72bc20c9a2d2a1acec166573.jpg|rogueterritory.com/5cc6e3cedbba70cbb1bc456a89978e6d9af631f2.jpg|rogueterritory.com/5cd22eb756c4c57ad9e2239fa80d8f97a8ea6058.jpg,https://cdn.shopify.com/s/files/1/2633/5944/products/81bffd042ce2227333257e921783bfe5_1920x.jpg,https://cdn.shopify.com/s/files/1/2633/5944/products/15ac661a7025e1c936af8afcd50de88d_1920x.jpg,https://cdn.shopify.com/s/files/1/2633/5944/products/2dd4fa20df54aaa7693eb8c63797390f_1920x.jpg,https://cdn.shopify.com/s/files/1/2633/5944/products/496272fe80a6d60cde6c4d7b169e3117_1920x.jpg,https://cdn.shopify.com/s/files/1/2633/5944/products/c8845098e1f028b2c39f2688b5b30bac_1920x.jpg,https://cdn.shopify.com/s/files/1/2633/5944/products/bf6c212767b131760adddf4885045409_1920x.jpg,https://cdn.shopify.com/s/files/1/2633/5944/products/RogueTerritory_Stanton17ozSlubDark_front_1920x.jpg,https://cdn.shopify.com/s/files/1/2633/5944/products/RogueTerritory_Stanton17ozSlubDark_side_1920x.jpg,https://cdn.shopify.com/s/files/1/2633/5944/products/2404fbd8237eeee5c78ad114effb04e8_1920x.jpg,https://cdn.shopify.com/s/files/1/2633/5944/products/ae01a31dabe52985a9ae1528ba3386cb_1920x.jpg,https://cdn.shopify.com/s/files/1/2633/5944/products/a8f0a3f80f6f134929960bf6ee73d7a0_1920x.jpg,https://cdn.shopify.com/s/files/1/2633/5944/products/643fcdd4a38375ee2c7e70f5dedeb329_1920x.jpg,https://cdn.shopify.com/s/files/1/2633/5944/products/26b5ef1c14362801af6355ac21b66c1c_1920x.jpg,https://cdn.shopify.com/s/files/1/2633/5944/products/7014524b04cf8c90c3290b4827038223_1920x.jpg,,,,,,,,,,,,,,,,,
Stealth Stanton Rogue Territory,Stealth Stanton,240,SLIM-STRAIGHT,Rogue Territory,Pants; Denim,Men,Heritage; Selvedge,rogueterritory.com/84d727b81bd55605fae2a513bf66bf6484c4204c.jpg|rogueterritory.com/a90523dae8d989005bf22b36cad71cfe13c8d9cf.jpg|rogueterritory.com/b43a8ce3fe7b040acdb3de80cce8d77fc48c8d0b.jpg|rogueterritory.com/86e0b9ace123e0c04c99c3e66a0771f87afb6f97.jpg|rogueterritory.com/86ba5c290809cec1c475b9c8381df0539d766f2d.jpg|rogueterritory.com/37fc40e23837560cb7ecdb641542cc8473a28df2.jpg|rogueterritory.com/592f93d4bacb84b19fadf1e00ec2fa1b5983ca4b.jpg|rogueterritory.com/d0d0c46dd3cc08bde8234ff7df0c4ee59313140f.jpg|rogueterritory.com/ea9fd7bc717705e2ca9f1dc956e10bc273068d4e.jpg|rogueterritory.com/975f4a1d3ffff2222b6a531e52af5253b2d41be3.jpg|rogueterritory.com/31332d55ffc8701449f29a22ab1cee2d9ba06531.jpg|rogueterritory.com/20b99e36839f58ac72bc20c9a2d2a1acec166573.jpg|rogueterritory.com/5cc6e3cedbba70cbb1bc456a89978e6d9af631f2.jpg|rogueterritory.com/5cd22eb756c4c57ad9e2239fa80d8f97a8ea6058.jpg,https://cdn.shopify.com/s/files/1/2633/5944/products/960978a338f3e03065782340e389bd68_1920x.jpg,https://cdn.shopify.com/s/files/1/2633/5944/products/d367829180f3874af6bdcf5430a06c2c_1920x.jpg,https://cdn.shopify.com/s/files/1/2633/5944/products/b6aaa56c92039a200de37962cbc3dbb2_1920x.jpg,https://cdn.shopify.com/s/files/1/2633/5944/products/ebf23945cebbcac717ef15f883e1823a_1920x.jpg,https://cdn.shopify.com/s/files/1/2633/5944/products/c0bbcb99431b711705d5ef0e8ae20223_64ca8980-d20c-4de6-8e0a-0600854d912e_1920x.jpg,https://cdn.shopify.com/s/files/1/2633/5944/products/02cc1666068a41147f9bd3d93a1714f9_1920x.jpg,https://cdn.shopify.com/s/files/1/2633/5944/products/RogueTerritory_Stanton17ozSlubDark_front_1920x.jpg,https://cdn.shopify.com/s/files/1/2633/5944/products/RogueTerritory_Stanton17ozSlubDark_side_1920x.jpg,https://cdn.shopify.com/s/files/1/2633/5944/products/2404fbd8237eeee5c78ad114effb04e8_1920x.jpg,https://cdn.shopify.com/s/files/1/2633/5944/products/ae01a31dabe52985a9ae1528ba3386cb_1920x.jpg,https://cdn.shopify.com/s/files/1/2633/5944/products/a8f0a3f80f6f134929960bf6ee73d7a0_1920x.jpg,https://cdn.shopify.com/s/files/1/2633/5944/products/643fcdd4a38375ee2c7e70f5dedeb329_1920x.jpg,https://cdn.shopify.com/s/files/1/2633/5944/products/26b5ef1c14362801af6355ac21b66c1c_1920x.jpg,https://cdn.shopify.com/s/files/1/2633/5944/products/7014524b04cf8c90c3290b4827038223_1920x.jpg,,,,,,,,,,,,,,,,,
Stanton 14.5oz Rogue Territory,Stanton 14.5oz,230,SLIM-STRAIGHT,Rogue Territory,Pants; Denim,Men,Heritage; Selvedge,rogueterritory.com/70bdcb36678cb47b13906459aa1350fa7b964860.jpg|rogueterritory.com/a9fc7b1a94b52bd7bce6113718663730baf0b645.jpg|rogueterritory.com/00c8cff8502cdd3c116b67491c6fafb9f63f0199.jpg|rogueterritory.com/9d8768daffe78a302e89aee12c95dfc00bcba496.jpg|rogueterritory.com/573372de02cdf06012485906b221c9f02b716b35.jpg|rogueterritory.com/b89550b1bdeae9a2faf01b3e0a7c1d0bb58dd3eb.jpg|rogueterritory.com/592f93d4bacb84b19fadf1e00ec2fa1b5983ca4b.jpg|rogueterritory.com/d0d0c46dd3cc08bde8234ff7df0c4ee59313140f.jpg|rogueterritory.com/ea9fd7bc717705e2ca9f1dc956e10bc273068d4e.jpg|rogueterritory.com/975f4a1d3ffff2222b6a531e52af5253b2d41be3.jpg|rogueterritory.com/31332d55ffc8701449f29a22ab1cee2d9ba06531.jpg|rogueterritory.com/20b99e36839f58ac72bc20c9a2d2a1acec166573.jpg|rogueterritory.com/5cc6e3cedbba70cbb1bc456a89978e6d9af631f2.jpg|rogueterritory.com/5cd22eb756c4c57ad9e2239fa80d8f97a8ea6058.jpg,https://cdn.shopify.com/s/files/1/2633/5944/products/263b0d05b48a16bb420cab8d3a554f4d_1920x.jpg,https://cdn.shopify.com/s/files/1/2633/5944/products/ec112e7ace143fddac7afa1670fb9caf_1920x.jpg,https://cdn.shopify.com/s/files/1/2633/5944/products/7b325777ae60ee87fcef137e92221fbb_1920x.jpg,https://cdn.shopify.com/s/files/1/2633/5944/products/ffc48e7c6aa730f31a57c6e9f8555a46_1920x.jpg,https://cdn.shopify.com/s/files/1/2633/5944/products/e4db51c82f077d47fdf268231173abd7_1920x.jpg,https://cdn.shopify.com/s/files/1/2633/5944/products/32e8832ed750d8a91c2ed7b7c05a4b44_1920x.jpg,https://cdn.shopify.com/s/files/1/2633/5944/products/RogueTerritory_Stanton17ozSlubDark_front_1920x.jpg,https://cdn.shopify.com/s/files/1/2633/5944/products/RogueTerritory_Stanton17ozSlubDark_side_1920x.jpg,https://cdn.shopify.com/s/files/1/2633/5944/products/2404fbd8237eeee5c78ad114effb04e8_1920x.jpg,https://cdn.shopify.com/s/files/1/2633/5944/products/ae01a31dabe52985a9ae1528ba3386cb_1920x.jpg,https://cdn.shopify.com/s/files/1/2633/5944/products/a8f0a3f80f6f134929960bf6ee73d7a0_1920x.jpg,https://cdn.shopify.com/s/files/1/2633/5944/products/643fcdd4a38375ee2c7e70f5dedeb329_1920x.jpg,https://cdn.shopify.com/s/files/1/2633/5944/products/26b5ef1c14362801af6355ac21b66c1c_1920x.jpg,https://cdn.shopify.com/s/files/1/2633/5944/products/7014524b04cf8c90c3290b4827038223_1920x.jpg,,,,,,,,,,,,,,,,,
Stanton 15oz Rogue Territory,Stanton 15oz,240,SLIM-STRAIGHT,Rogue Territory,Pants; Denim,Men,Heritage; Selvedge,rogueterritory.com/5cc6e3cedbba70cbb1bc456a89978e6d9af631f2.jpg|rogueterritory.com/5cd22eb756c4c57ad9e2239fa80d8f97a8ea6058.jpg|rogueterritory.com/f8872a565f50802e177485e157808e6c84e694ee.jpg|rogueterritory.com/d0d7dad04fa77126359e32af65b0e39a6ad3fa46.jpg|rogueterritory.com/60bd86cc38c634247667e808b25d5f4d40c0c210.jpg|rogueterritory.com/64dbc5bf82e7f6de4e02a65726bd681d6a372aa6.jpg|rogueterritory.com/7e310df9f83bfe707750b25d0357cf2b249bc38f.jpg|rogueterritory.com/592f93d4bacb84b19fadf1e00ec2fa1b5983ca4b.jpg|rogueterritory.com/d0d0c46dd3cc08bde8234ff7df0c4ee59313140f.jpg|rogueterritory.com/ea9fd7bc717705e2ca9f1dc956e10bc273068d4e.jpg|rogueterritory.com/975f4a1d3ffff2222b6a531e52af5253b2d41be3.jpg|rogueterritory.com/31332d55ffc8701449f29a22ab1cee2d9ba06531.jpg|rogueterritory.com/20b99e36839f58ac72bc20c9a2d2a1acec166573.jpg|rogueterritory.com/84d727b81bd55605fae2a513bf66bf6484c4204c.jpg|rogueterritory.com/a90523dae8d989005bf22b36cad71cfe13c8d9cf.jpg,https://cdn.shopify.com/s/files/1/2633/5944/products/26b5ef1c14362801af6355ac21b66c1c_1920x.jpg,https://cdn.shopify.com/s/files/1/2633/5944/products/7014524b04cf8c90c3290b4827038223_1920x.jpg,https://cdn.shopify.com/s/files/1/2633/5944/products/3cc9f93ef8d594bbac0d5495ed2c0499_1920x.jpg,https://cdn.shopify.com/s/files/1/2633/5944/products/95ca14725363ae39b4ad39b7f25564ae_1920x.jpg,https://cdn.shopify.com/s/files/1/2633/5944/products/65ce7399f12f5b30492353413508fd17_1920x.jpg,https://cdn.shopify.com/s/files/1/2633/5944/products/8e361ec1266192bc05980036a79d588b_1920x.jpg,https://cdn.shopify.com/s/files/1/2633/5944/products/79e160cdcfbf0ce9e3715aa20f3449ea_1920x.jpg,https://cdn.shopify.com/s/files/1/2633/5944/products/RogueTerritory_Stanton17ozSlubDark_front_1920x.jpg,https://cdn.shopify.com/s/files/1/2633/5944/products/RogueTerritory_Stanton17ozSlubDark_side_1920x.jpg,https://cdn.shopify.com/s/files/1/2633/5944/products/2404fbd8237eeee5c78ad114effb04e8_1920x.jpg,https://cdn.shopify.com/s/files/1/2633/5944/products/ae01a31dabe52985a9ae1528ba3386cb_1920x.jpg,https://cdn.shopify.com/s/files/1/2633/5944/products/a8f0a3f80f6f134929960bf6ee73d7a0_1920x.jpg,https://cdn.shopify.com/s/files/1/2633/5944/products/643fcdd4a38375ee2c7e70f5dedeb329_1920x.jpg,https://cdn.shopify.com/s/files/1/2633/5944/products/960978a338f3e03065782340e389bd68_1920x.jpg,https://cdn.shopify.com/s/files/1/2633/5944/products/d367829180f3874af6bdcf5430a06c2c_1920x.jpg,,,,,,,,,,,,,,,,
Stanton 14oz // Neppy Rogue Territory,Stanton 14oz // Neppy,275,SLIM-STRAIGHT,Rogue Territory,Pants; Denim,Men,Heritage; Selvedge,rogueterritory.com/ea9fd7bc717705e2ca9f1dc956e10bc273068d4e.jpg|rogueterritory.com/975f4a1d3ffff2222b6a531e52af5253b2d41be3.jpg|rogueterritory.com/0ecd11355f39717459c599b15d97456f48c9fa54.jpg|rogueterritory.com/a013fa895bec7a352820b8abe6546d81d65dc2bf.jpg|rogueterritory.com/1e7c0a4292493a4b851b072bdcbb9ccfc58c4a29.jpg|rogueterritory.com/592f93d4bacb84b19fadf1e00ec2fa1b5983ca4b.jpg|rogueterritory.com/d0d0c46dd3cc08bde8234ff7df0c4ee59313140f.jpg|rogueterritory.com/31332d55ffc8701449f29a22ab1cee2d9ba06531.jpg|rogueterritory.com/20b99e36839f58ac72bc20c9a2d2a1acec166573.jpg|rogueterritory.com/5cc6e3cedbba70cbb1bc456a89978e6d9af631f2.jpg|rogueterritory.com/5cd22eb756c4c57ad9e2239fa80d8f97a8ea6058.jpg|rogueterritory.com/84d727b81bd55605fae2a513bf66bf6484c4204c.jpg|rogueterritory.com/a90523dae8d989005bf22b36cad71cfe13c8d9cf.jpg,https://cdn.shopify.com/s/files/1/2633/5944/products/2404fbd8237eeee5c78ad114effb04e8_1920x.jpg,https://cdn.shopify.com/s/files/1/2633/5944/products/ae01a31dabe52985a9ae1528ba3386cb_1920x.jpg,https://cdn.shopify.com/s/files/1/2633/5944/products/30e98e49ea4c2b7315c71af33754c8a0_1920x.jpg,https://cdn.shopify.com/s/files/1/2633/5944/products/e9b5c7716e4f7d77635adb577dcaa2d1_1920x.jpg,https://cdn.shopify.com/s/files/1/2633/5944/products/672a3759e5821d49b302c3d374ba3c4f_1920x.jpg,https://cdn.shopify.com/s/files/1/2633/5944/products/RogueTerritory_Stanton17ozSlubDark_front_1920x.jpg,https://cdn.shopify.com/s/files/1/2633/5944/products/RogueTerritory_Stanton17ozSlubDark_side_1920x.jpg,https://cdn.shopify.com/s/files/1/2633/5944/products/a8f0a3f80f6f134929960bf6ee73d7a0_1920x.jpg,https://cdn.shopify.com/s/files/1/2633/5944/products/643fcdd4a38375ee2c7e70f5dedeb329_1920x.jpg,https://cdn.shopify.com/s/files/1/2633/5944/products/26b5ef1c14362801af6355ac21b66c1c_1920x.jpg,https://cdn.shopify.com/s/files/1/2633/5944/products/7014524b04cf8c90c3290b4827038223_1920x.jpg,https://cdn.shopify.com/s/files/1/2633/5944/products/960978a338f3e03065782340e389bd68_1920x.jpg,https://cdn.shopify.com/s/files/1/2633/5944/products/d367829180f3874af6bdcf5430a06c2c_1920x.jpg,,,,,,,,,,,,,,,,,,
Stealth Stanton 17oz Slub Rogue Territory,Stealth Stanton 17oz Slub,250,SLIM-STRAIGHT,Rogue Territory,Pants; Denim,Men,Heritage; Selvedge,rogueterritory.com/31332d55ffc8701449f29a22ab1cee2d9ba06531.jpg|rogueterritory.com/20b99e36839f58ac72bc20c9a2d2a1acec166573.jpg|rogueterritory.com/be7169df87d42d8241e2cf47ef9bd57bc92ca09b.jpg|rogueterritory.com/eb621cb15f6c15eb82094a447bc3630dcbed0f60.jpg|rogueterritory.com/501fa8defea98cc0bc24ecf630a89f1dd2f8ec26.jpg|rogueterritory.com/42fd8b3ad9d89bad5d850dd8e91602845e5795c3.jpg|rogueterritory.com/c457f655712715b0d067b6fef5a2c8d62935f2d5.jpg|rogueterritory.com/482e6046c520621eea3f4b37f01858fc2c577d52.jpg|rogueterritory.com/592f93d4bacb84b19fadf1e00ec2fa1b5983ca4b.jpg|rogueterritory.com/d0d0c46dd3cc08bde8234ff7df0c4ee59313140f.jpg|rogueterritory.com/ea9fd7bc717705e2ca9f1dc956e10bc273068d4e.jpg|rogueterritory.com/975f4a1d3ffff2222b6a531e52af5253b2d41be3.jpg|rogueterritory.com/5cc6e3cedbba70cbb1bc456a89978e6d9af631f2.jpg|rogueterritory.com/5cd22eb756c4c57ad9e2239fa80d8f97a8ea6058.jpg|rogueterritory.com/84d727b81bd55605fae2a513bf66bf6484c4204c.jpg|rogueterritory.com/a90523dae8d989005bf22b36cad71cfe13c8d9cf.jpg,https://cdn.shopify.com/s/files/1/2633/5944/products/a8f0a3f80f6f134929960bf6ee73d7a0_1920x.jpg,https://cdn.shopify.com/s/files/1/2633/5944/products/643fcdd4a38375ee2c7e70f5dedeb329_1920x.jpg,https://cdn.shopify.com/s/files/1/2633/5944/products/71d43d208c685b58a26ec9f7c1cd4715_1920x.jpg,https://cdn.shopify.com/s/files/1/2633/5944/products/2714f1cebd295579a23d38e37c1bf040_1920x.jpg,https://cdn.shopify.com/s/files/1/2633/5944/products/2787fdb76bcb0158cf78ac18d4a05198_1920x.jpg,https://cdn.shopify.com/s/files/1/2633/5944/products/5b3494eddcd6d2023890018b99c739f3_1920x.jpg,https://cdn.shopify.com/s/files/1/2633/5944/products/47c7729888bed9af86f125e91927f52e_1920x.jpg,https://cdn.shopify.com/s/files/1/2633/5944/products/bbdd27af0857b05874de38692650c723_1920x.jpg,https://cdn.shopify.com/s/files/1/2633/5944/products/RogueTerritory_Stanton17ozSlubDark_front_1920x.jpg,https://cdn.shopify.com/s/files/1/2633/5944/products/RogueTerritory_Stanton17ozSlubDark_side_1920x.jpg,https://cdn.shopify.com/s/files/1/2633/5944/products/2404fbd8237eeee5c78ad114effb04e8_1920x.jpg,https://cdn.shopify.com/s/files/1/2633/5944/products/ae01a31dabe52985a9ae1528ba3386cb_1920x.jpg,https://cdn.shopify.com/s/files/1/2633/5944/products/26b5ef1c14362801af6355ac21b66c1c_1920x.jpg,https://cdn.shopify.com/s/files/1/2633/5944/products/7014524b04cf8c90c3290b4827038223_1920x.jpg,https://cdn.shopify.com/s/files/1/2633/5944/products/960978a338f3e03065782340e389bd68_1920x.jpg,https://cdn.shopify.com/s/files/1/2633/5944/products/d367829180f3874af6bdcf5430a06c2c_1920x.jpg,,,,,,,,,,,,,,,
Stanton 17oz // Slub Dark Indigo Rogue Territory,Stanton 17oz // Slub Dark Indigo,275,SLIM-STRAIGHT,Rogue Territory,Pants; Denim,Men,Heritage; Selvedge; Modern,rogueterritory.com/592f93d4bacb84b19fadf1e00ec2fa1b5983ca4b.jpg|rogueterritory.com/d0d0c46dd3cc08bde8234ff7df0c4ee59313140f.jpg|rogueterritory.com/d3c65bbb36aa6570591a6ccbb258a2c65e99a4e1.jpg|rogueterritory.com/38ad6bcb832ebf964483530da1e960047332934b.jpg|rogueterritory.com/c06e89b90dcd6910e8cbe52839a552e8879e4513.jpg|rogueterritory.com/2c0aa36424adf83c0a9f26e28da87fe3d2f0b36b.jpg|rogueterritory.com/ea9fd7bc717705e2ca9f1dc956e10bc273068d4e.jpg|rogueterritory.com/975f4a1d3ffff2222b6a531e52af5253b2d41be3.jpg|rogueterritory.com/31332d55ffc8701449f29a22ab1cee2d9ba06531.jpg|rogueterritory.com/20b99e36839f58ac72bc20c9a2d2a1acec166573.jpg|rogueterritory.com/5cc6e3cedbba70cbb1bc456a89978e6d9af631f2.jpg|rogueterritory.com/5cd22eb756c4c57ad9e2239fa80d8f97a8ea6058.jpg|rogueterritory.com/84d727b81bd55605fae2a513bf66bf6484c4204c.jpg|rogueterritory.com/a90523dae8d989005bf22b36cad71cfe13c8d9cf.jpg,https://cdn.shopify.com/s/files/1/2633/5944/products/RogueTerritory_Stanton17ozSlubDark_front_1920x.jpg,https://cdn.shopify.com/s/files/1/2633/5944/products/RogueTerritory_Stanton17ozSlubDark_side_1920x.jpg,https://cdn.shopify.com/s/files/1/2633/5944/products/RogueTerritory_Stanton17ozSlubDark_back_1920x.jpg,https://cdn.shopify.com/s/files/1/2633/5944/products/RogueTerritory_17ozSlubDark_patch_1920x.jpg,https://cdn.shopify.com/s/files/1/2633/5944/products/RogueTerritory_17ozSlubDark_interior_1920x.jpg,https://cdn.shopify.com/s/files/1/2633/5944/products/RogueTerritory_Stanton17ozSlubDark_cuff_1920x.jpg,https://cdn.shopify.com/s/files/1/2633/5944/products/2404fbd8237eeee5c78ad114effb04e8_1920x.jpg,https://cdn.shopify.com/s/files/1/2633/5944/products/ae01a31dabe52985a9ae1528ba3386cb_1920x.jpg,https://cdn.shopify.com/s/files/1/2633/5944/products/a8f0a3f80f6f134929960bf6ee73d7a0_1920x.jpg,https://cdn.shopify.com/s/files/1/2633/5944/products/643fcdd4a38375ee2c7e70f5dedeb329_1920x.jpg,https://cdn.shopify.com/s/files/1/2633/5944/products/26b5ef1c14362801af6355ac21b66c1c_1920x.jpg,https://cdn.shopify.com/s/files/1/2633/5944/products/7014524b04cf8c90c3290b4827038223_1920x.jpg,https://cdn.shopify.com/s/files/1/2633/5944/products/960978a338f3e03065782340e389bd68_1920x.jpg,https://cdn.shopify.com/s/files/1/2633/5944/products/d367829180f3874af6bdcf5430a06c2c_1920x.jpg,,,,,,,,,,,,,,,,,
Stealth Stanton 11oz Rogue Territory,Stealth Stanton 11oz,230,SLIM-STRAIGHT,Rogue Territory,Pants; Denim,Men,Heritage; Selvedge,rogueterritory.com/f5662c9b775115fb9071dc03f73b30243d237174.jpg|rogueterritory.com/418dc0904bc0aa9922542599b21f14ed20f76bbb.jpg|rogueterritory.com/2ef947fc6bd600eb790efe3ff0daf9210846f381.jpg|rogueterritory.com/68d3c8d2f7da8d7ae00f3239460437b328ffdace.jpg|rogueterritory.com/6473fab78fdd10a4e370c30f06a32eaeb5884cce.jpg|rogueterritory.com/592f93d4bacb84b19fadf1e00ec2fa1b5983ca4b.jpg|rogueterritory.com/d0d0c46dd3cc08bde8234ff7df0c4ee59313140f.jpg|rogueterritory.com/ea9fd7bc717705e2ca9f1dc956e10bc273068d4e.jpg|rogueterritory.com/975f4a1d3ffff2222b6a531e52af5253b2d41be3.jpg|rogueterritory.com/31332d55ffc8701449f29a22ab1cee2d9ba06531.jpg|rogueterritory.com/20b99e36839f58ac72bc20c9a2d2a1acec166573.jpg|rogueterritory.com/5cc6e3cedbba70cbb1bc456a89978e6d9af631f2.jpg|rogueterritory.com/5cd22eb756c4c57ad9e2239fa80d8f97a8ea6058.jpg,https://cdn.shopify.com/s/files/1/2633/5944/products/d7dbde5830b5acc4a4dff0da30727d20_1ab76879-24db-44f4-a0db-114cd6c38f22_1920x.jpg,https://cdn.shopify.com/s/files/1/2633/5944/products/a5d20656bdd603ea4bb8c0050d6967b2_1920x.jpg,https://cdn.shopify.com/s/files/1/2633/5944/products/d56cad202bdab74fe4739307473c0a09_1920x.jpg,https://cdn.shopify.com/s/files/1/2633/5944/products/5e3ee1a4f2a8b456f428252557b1c734_44f12d0a-69cf-4eaf-9a81-b34612a74a85_1920x.jpg,https://cdn.shopify.com/s/files/1/2633/5944/products/32096aeeb799012393229fd693ce451f_476a975e-ee4f-436c-a9fe-ab2456e28c69_1920x.jpg,https://cdn.shopify.com/s/files/1/2633/5944/products/RogueTerritory_Stanton17ozSlubDark_front_1920x.jpg,https://cdn.shopify.com/s/files/1/2633/5944/products/RogueTerritory_Stanton17ozSlubDark_side_1920x.jpg,https://cdn.shopify.com/s/files/1/2633/5944/products/2404fbd8237eeee5c78ad114effb04e8_1920x.jpg,https://cdn.shopify.com/s/files/1/2633/5944/products/ae01a31dabe52985a9ae1528ba3386cb_1920x.jpg,https://cdn.shopify.com/s/files/1/2633/5944/products/a8f0a3f80f6f134929960bf6ee73d7a0_1920x.jpg,https://cdn.shopify.com/s/files/1/2633/5944/products/643fcdd4a38375ee2c7e70f5dedeb329_1920x.jpg,https://cdn.shopify.com/s/files/1/2633/5944/products/26b5ef1c14362801af6355ac21b66c1c_1920x.jpg,https://cdn.shopify.com/s/files/1/2633/5944/products/7014524b04cf8c90c3290b4827038223_1920x.jpg,,,,,,,,,,,,,,,,,,
Stanton // Copper Canvas Rogue Territory,Stanton // Copper Canvas,115,SLIM-STRAIGHT,Rogue Territory,Pants; Denim,Men,Heritage; Selvedge,rogueterritory.com/0a8af7eb7a0d99c039a21e6b29af93e989a5f2e1.jpg|rogueterritory.com/961a8bb02c0bbdd7d9a7bfe40ceaad14de0963f7.jpg|rogueterritory.com/422fa9071065ead4878002b91aea8967529325ec.jpg|rogueterritory.com/b486a9d5d2d453c3ff872d5c65270334510ef39a.jpg|rogueterritory.com/7dfc2b675ccf4dbcde7a8f5a1e7465a928d69d7a.jpg|rogueterritory.com/01c87fd9b777c31ce9a4638e9b5a7382bf5909e2.jpg|rogueterritory.com/592f93d4bacb84b19fadf1e00ec2fa1b5983ca4b.jpg|rogueterritory.com/d0d0c46dd3cc08bde8234ff7df0c4ee59313140f.jpg|rogueterritory.com/ea9fd7bc717705e2ca9f1dc956e10bc273068d4e.jpg|rogueterritory.com/975f4a1d3ffff2222b6a531e52af5253b2d41be3.jpg|rogueterritory.com/31332d55ffc8701449f29a22ab1cee2d9ba06531.jpg|rogueterritory.com/20b99e36839f58ac72bc20c9a2d2a1acec166573.jpg|rogueterritory.com/5cc6e3cedbba70cbb1bc456a89978e6d9af631f2.jpg|rogueterritory.com/5cd22eb756c4c57ad9e2239fa80d8f97a8ea6058.jpg,https://cdn.shopify.com/s/files/1/2633/5944/products/13ea7ab5dc08c6141dec69efa9c4b95e_1920x.jpg,https://cdn.shopify.com/s/files/1/2633/5944/products/16e62abbc6adcd3110da294ce9893776_1920x.jpg,https://cdn.shopify.com/s/files/1/2633/5944/products/c8344174f4d0902b7e2d5ea7547ae386_1920x.jpg,https://cdn.shopify.com/s/files/1/2633/5944/products/d03add87fc105fb258f5d0a58be992f7_1920x.jpg,https://cdn.shopify.com/s/files/1/2633/5944/products/090c78bf4d7c9e19c6fc6d06617fd043_1920x.jpg,https://cdn.shopify.com/s/files/1/2633/5944/products/9fb2b3ad7fb01de08bc6001f8915398f_1920x.jpg,https://cdn.shopify.com/s/files/1/2633/5944/products/RogueTerritory_Stanton17ozSlubDark_front_1920x.jpg,https://cdn.shopify.com/s/files/1/2633/5944/products/RogueTerritory_Stanton17ozSlubDark_side_1920x.jpg,https://cdn.shopify.com/s/files/1/2633/5944/products/2404fbd8237eeee5c78ad114effb04e8_1920x.jpg,https://cdn.shopify.com/s/files/1/2633/5944/products/ae01a31dabe52985a9ae1528ba3386cb_1920x.jpg,https://cdn.shopify.com/s/files/1/2633/5944/products/a8f0a3f80f6f134929960bf6ee73d7a0_1920x.jpg,https://cdn.shopify.com/s/files/1/2633/5944/products/643fcdd4a38375ee2c7e70f5dedeb329_1920x.jpg,https://cdn.shopify.com/s/files/1/2633/5944/products/26b5ef1c14362801af6355ac21b66c1c_1920x.jpg,https://cdn.shopify.com/s/files/1/2633/5944/products/7014524b04cf8c90c3290b4827038223_1920x.jpg,,,,,,,,,,,,,,,,,
Stanton 11oz Rogue Territory,Stanton 11oz,230,SLIM-STRAIGHT,Rogue Territory,Pants; Denim,Men,Heritage; Selvedge,rogueterritory.com/99340b2396c43a36a6c7993943d9a22e5d65c164.jpg|rogueterritory.com/8a375533a9db19b75b76b104fe64db9c563a9466.jpg|rogueterritory.com/19429529ee9728304d00a31520e0133984d0d1dd.jpg|rogueterritory.com/b262c29c95291ef1ee698b4e5dca0dde45cc16c2.jpg|rogueterritory.com/3f1ee1578484d39ce42ead05828e3bba1d8b9e16.jpg|rogueterritory.com/592f93d4bacb84b19fadf1e00ec2fa1b5983ca4b.jpg|rogueterritory.com/d0d0c46dd3cc08bde8234ff7df0c4ee59313140f.jpg|rogueterritory.com/ea9fd7bc717705e2ca9f1dc956e10bc273068d4e.jpg|rogueterritory.com/975f4a1d3ffff2222b6a531e52af5253b2d41be3.jpg|rogueterritory.com/31332d55ffc8701449f29a22ab1cee2d9ba06531.jpg|rogueterritory.com/20b99e36839f58ac72bc20c9a2d2a1acec166573.jpg|rogueterritory.com/5cc6e3cedbba70cbb1bc456a89978e6d9af631f2.jpg|rogueterritory.com/5cd22eb756c4c57ad9e2239fa80d8f97a8ea6058.jpg,https://cdn.shopify.com/s/files/1/2633/5944/products/fbbd07c40ed0fcd5afe703b9f17e4f3e_1920x.jpg,https://cdn.shopify.com/s/files/1/2633/5944/products/678800935e6fcf1850f33016f0e80d79_1920x.jpg,https://cdn.shopify.com/s/files/1/2633/5944/products/da81c2e6cac05e2815603b1b9fbcb80f_1920x.jpg,https://cdn.shopify.com/s/files/1/2633/5944/products/b11d4bcdd0fbacb888f9175d6638307b_1920x.jpg,https://cdn.shopify.com/s/files/1/2633/5944/products/2b16bcebcc637adbb375c3299226bd1a_1920x.jpg,https://cdn.shopify.com/s/files/1/2633/5944/products/RogueTerritory_Stanton17ozSlubDark_front_1920x.jpg,https://cdn.shopify.com/s/files/1/2633/5944/products/RogueTerritory_Stanton17ozSlubDark_side_1920x.jpg,https://cdn.shopify.com/s/files/1/2633/5944/products/2404fbd8237eeee5c78ad114effb04e8_1920x.jpg,https://cdn.shopify.com/s/files/1/2633/5944/products/ae01a31dabe52985a9ae1528ba3386cb_1920x.jpg,https://cdn.shopify.com/s/files/1/2633/5944/products/a8f0a3f80f6f134929960bf6ee73d7a0_1920x.jpg,https://cdn.shopify.com/s/files/1/2633/5944/products/643fcdd4a38375ee2c7e70f5dedeb329_1920x.jpg,https://cdn.shopify.com/s/files/1/2633/5944/products/26b5ef1c14362801af6355ac21b66c1c_1920x.jpg,https://cdn.shopify.com/s/files/1/2633/5944/products/7014524b04cf8c90c3290b4827038223_1920x.jpg,,,,,,,,,,,,,,,,,,
Safari Shorts // Olive Rogue Territory,Safari Shorts // Olive,140,SHORTS,Rogue Territory,Pants; Shorts,Men,Classic; Summer,rogueterritory.com/f99e81f3da65bc45f60611c0a6cdbde36cf8c8df.jpg|rogueterritory.com/40e8fb36563ba18564be787b3b1d687b97c74a69.jpg|rogueterritory.com/2cf4a06d7f93c6a1e513215b8376c587c45cae43.jpg|rogueterritory.com/9fc77d47bf50d3e287d6d04a5f735c261abae7d2.jpg|rogueterritory.com/f40a4869441a6b6dd8ba2559b221786a1b4e1de2.jpg|rogueterritory.com/1e761091a6042fb81a58bf5e38930c2e749eb592.jpg|rogueterritory.com/1821234159d82343d9c5756acbbd24fa0f739acd.jpg|rogueterritory.com/04511b13480ab35efa4d1bd8de30df84e7fcfa67.jpg|rogueterritory.com/d102b1c1bc5f53875ff5537da7c2a457adacafdc.jpg|rogueterritory.com/2c34861426d6ecc1d7972ecf5313589d55829fa3.jpg|rogueterritory.com/51c4be198bffa3e2811b0b54239403468b6cc5b8.jpg|rogueterritory.com/7bbc432e0c49d97748d3b791e76d2c564c3110f0.jpg|rogueterritory.com/0c8bfe528a55e16e46e9cf12408ebd23cc623989.jpg,https://cdn.shopify.com/s/files/1/2633/5944/products/RogueTerritory_OliveShorts_front_1920x.jpg,https://cdn.shopify.com/s/files/1/2633/5944/products/RogueTerritory_OliveShorts_side_1920x.jpg,https://cdn.shopify.com/s/files/1/2633/5944/products/RogueTerritory_OliveShorts_back_1920x.jpg,https://cdn.shopify.com/s/files/1/2633/5944/products/RogueTerritory_OliveShorts_detail2_1920x.jpg,https://cdn.shopify.com/s/files/1/2633/5944/products/RogueTerritory_OliveShorts_detail1_1920x.jpg,https://cdn.shopify.com/s/files/1/2633/5944/products/RogueTerritory_CamoShorts_front_1920x.jpg,https://cdn.shopify.com/s/files/1/2633/5944/products/RogueTerritory_CamoShorts_side_1920x.jpg,https://cdn.shopify.com/s/files/1/2633/5944/products/RogueTerritory_WorkShirtIndigoHT_front_1920x.jpg,https://cdn.shopify.com/s/files/1/2633/5944/products/RogueTerritory_WorkShirtIndigoHT_back_1920x.jpg,https://cdn.shopify.com/s/files/1/2633/5944/products/RogueTerritory_FunStripe_front_1920x.jpg,https://cdn.shopify.com/s/files/1/2633/5944/products/RogueTerritory_FunStripe_side_1920x.jpg,https://cdn.shopify.com/s/files/1/2633/5944/products/RogueTerritory_OceanStripe_front_1920x.jpg,https://cdn.shopify.com/s/files/1/2633/5944/products/RogueTerritory_OceanStripe_side_1920x.jpg,,,,,,,,,,,,,,,,,,
Safari Shorts // Khaki Camo Ripstop Rogue Territory,Safari Shorts // Khaki Camo Ripstop,150,SHORTS,Rogue Territory,Pants; Shorts,Men,Classic; Summer; Modern,rogueterritory.com/1e761091a6042fb81a58bf5e38930c2e749eb592.jpg|rogueterritory.com/1821234159d82343d9c5756acbbd24fa0f739acd.jpg|rogueterritory.com/0705e1cff5c74f04de7fd67ca0c56fdfb65cf277.jpg|rogueterritory.com/19b6b5b7e97c8a998b4e0bff60867fed508bd057.jpg|rogueterritory.com/b197aea21a4936a4e37d2ac5a6d4199a3e8b2e2f.jpg|rogueterritory.com/f99e81f3da65bc45f60611c0a6cdbde36cf8c8df.jpg|rogueterritory.com/40e8fb36563ba18564be787b3b1d687b97c74a69.jpg|rogueterritory.com/04511b13480ab35efa4d1bd8de30df84e7fcfa67.jpg|rogueterritory.com/d102b1c1bc5f53875ff5537da7c2a457adacafdc.jpg|rogueterritory.com/2c34861426d6ecc1d7972ecf5313589d55829fa3.jpg|rogueterritory.com/51c4be198bffa3e2811b0b54239403468b6cc5b8.jpg|rogueterritory.com/7bbc432e0c49d97748d3b791e76d2c564c3110f0.jpg|rogueterritory.com/0c8bfe528a55e16e46e9cf12408ebd23cc623989.jpg,https://cdn.shopify.com/s/files/1/2633/5944/products/RogueTerritory_CamoShorts_front_1920x.jpg,https://cdn.shopify.com/s/files/1/2633/5944/products/RogueTerritory_CamoShorts_side_1920x.jpg,https://cdn.shopify.com/s/files/1/2633/5944/products/RogueTerritory_CamoShorts_back_1920x.jpg,https://cdn.shopify.com/s/files/1/2633/5944/products/RogueTerritory_CamoShorts_detail2_1920x.jpg,https://cdn.shopify.com/s/files/1/2633/5944/products/RogueTerritory_CamoShorts_detail1_1920x.jpg,https://cdn.shopify.com/s/files/1/2633/5944/products/RogueTerritory_OliveShorts_front_1920x.jpg,https://cdn.shopify.com/s/files/1/2633/5944/products/RogueTerritory_OliveShorts_side_1920x.jpg,https://cdn.shopify.com/s/files/1/2633/5944/products/RogueTerritory_WorkShirtIndigoHT_front_1920x.jpg,https://cdn.shopify.com/s/files/1/2633/5944/products/RogueTerritory_WorkShirtIndigoHT_back_1920x.jpg,https://cdn.shopify.com/s/files/1/2633/5944/products/RogueTerritory_FunStripe_front_1920x.jpg,https://cdn.shopify.com/s/files/1/2633/5944/products/RogueTerritory_FunStripe_side_1920x.jpg,https://cdn.shopify.com/s/files/1/2633/5944/products/RogueTerritory_OceanStripe_front_1920x.jpg,https://cdn.shopify.com/s/files/1/2633/5944/products/RogueTerritory_OceanStripe_side_1920x.jpg,,,,,,,,,,,,,,,,,,
Shacket // Raindrop Camo Rogue Territory,Shacket // Raindrop Camo,175,JACKETS,Rogue Territory,Outerwear; Shirt,Men,Modern,rogueterritory.com/2172cc9d0c8a0746e53e2f1401bedadc232b5e2a.jpg|rogueterritory.com/694185a4fc34608e9aa0bbcc7ccd86a1b6527fbc.jpg|rogueterritory.com/a5a6d8cd63a78aa03199bb4103c81ad761420f36.jpg|rogueterritory.com/e0ce6ceb94fe7b16205ee9d97dc9576a01265ebe.jpg|rogueterritory.com/53123ff5adff02c4157d956bc83793fad3d9869f.jpg|rogueterritory.com/de38b850d82044441a1a0cd71902c43a455b37ba.jpg|rogueterritory.com/7bbc432e0c49d97748d3b791e76d2c564c3110f0.jpg|rogueterritory.com/0c8bfe528a55e16e46e9cf12408ebd23cc623989.jpg|rogueterritory.com/04511b13480ab35efa4d1bd8de30df84e7fcfa67.jpg|rogueterritory.com/d102b1c1bc5f53875ff5537da7c2a457adacafdc.jpg|rogueterritory.com/80428256ba7b753416a11d6e579aa918e1dcadae.jpg|rogueterritory.com/71b1631f78cef013391a6efd318a24d93f018a68.jpg|rogueterritory.com/2c34861426d6ecc1d7972ecf5313589d55829fa3.jpg|rogueterritory.com/51c4be198bffa3e2811b0b54239403468b6cc5b8.jpg,https://cdn.shopify.com/s/files/1/2633/5944/products/RogueTerritory_RDShacket_front_1920x.jpg,https://cdn.shopify.com/s/files/1/2633/5944/products/RogueTerritory_RDShacket_side_1920x.jpg,https://cdn.shopify.com/s/files/1/2633/5944/products/RogueTerritory_RDShacket_detail1_1920x.jpg,https://cdn.shopify.com/s/files/1/2633/5944/products/RogueTerritory_RDShacket_detail2_1920x.jpg,https://cdn.shopify.com/s/files/1/2633/5944/products/RogueTerritory_RDShacket_look_1920x.jpg,https://cdn.shopify.com/s/files/1/2633/5944/products/RogueTerritory_RDTux_1_7abfa76a-f79f-428f-adc1-beba336f659d_1920x.jpg,https://cdn.shopify.com/s/files/1/2633/5944/products/RogueTerritory_OceanStripe_front_1920x.jpg,https://cdn.shopify.com/s/files/1/2633/5944/products/RogueTerritory_OceanStripe_side_1920x.jpg,https://cdn.shopify.com/s/files/1/2633/5944/products/RogueTerritory_WorkShirtIndigoHT_front_1920x.jpg,https://cdn.shopify.com/s/files/1/2633/5944/products/RogueTerritory_WorkShirtIndigoHT_back_1920x.jpg,https://cdn.shopify.com/s/files/1/2633/5944/products/RogueTerritory_WesternHT_front_1920x.jpg,https://cdn.shopify.com/s/files/1/2633/5944/products/RogueTerritory_WesternHT_side_1920x.jpg,https://cdn.shopify.com/s/files/1/2633/5944/products/RogueTerritory_FunStripe_front_1920x.jpg,https://cdn.shopify.com/s/files/1/2633/5944/products/RogueTerritory_FunStripe_side_1920x.jpg,,,,,,,,,,,,,,,,,
SK // Copper Canvas Rogue Territory,SK // Copper Canvas,115,SALE,Rogue Territory,Pants,Men,Classic,rogueterritory.com/9d6caadb872c41b47b594c666266bc01bf6c235a.jpg|rogueterritory.com/acb4b7911eaf9225c5fa14df476d71a018f4bc2c.jpg|rogueterritory.com/a7b3c036cf33840d2d39e58a2b1a13e7ac06f455.jpg|rogueterritory.com/af0f2a8dff09b5eb1ad0fe163656683b9270280a.jpg|rogueterritory.com/77094420461210f30134e2d82636b7cf5cf2ab97.jpg|rogueterritory.com/8ef3c644b3e4d12d232daae84a0999c865905ef6.jpg|rogueterritory.com/1ea266e81bbbad7cc8027f1c96f1eacfd79b174f.jpg|rogueterritory.com/721ab951b2e04572e8466fb95a4a9f5912354b9d.jpg|rogueterritory.com/b716695a3f12141ec660372975ce2e4c67275082.jpg|rogueterritory.com/36b4ec98cdf722e9ed645261847943d18695f7d9.jpg|rogueterritory.com/2fb3750f5e888a7dd6c85664754783943294d9fd.jpg|rogueterritory.com/e444aa8bf22600b1464c05a66bfe8b6d40659e91.jpg|rogueterritory.com/fb14f249115c41a6e5f64c8557bfa6597c33aae4.jpg|rogueterritory.com/66adda59b25c0c924838b791ac97ab5ba3ed1a4d.jpg,https://cdn.shopify.com/s/files/1/2633/5944/products/39ee94549e762824b1b562e89a6701e7_1920x.jpg,https://cdn.shopify.com/s/files/1/2633/5944/products/57ad7fa3147ee2e59a5cf890492c8575_1920x.jpg,https://cdn.shopify.com/s/files/1/2633/5944/products/df3fd7b88444b800af5cd4322c181331_1920x.jpg,https://cdn.shopify.com/s/files/1/2633/5944/products/a0ec538c348d49cf0813bab8be372812_1920x.jpg,https://cdn.shopify.com/s/files/1/2633/5944/products/0b0840bbc5279a7f03854178cc2d2cef_1920x.jpg,https://cdn.shopify.com/s/files/1/2633/5944/products/206db1e4b84704ab73e00995fac5e7ef_1920x.jpg,https://cdn.shopify.com/s/files/1/2633/5944/products/RogueTerritory_SK17ozSlubDark_front_1920x.jpg,https://cdn.shopify.com/s/files/1/2633/5944/products/RogueTerritory_SK17ozSlubDark_side_1920x.jpg,https://cdn.shopify.com/s/files/1/2633/5944/products/c54dd48ca5bda229f6c0e7e8b7547c7e_1920x.jpg,https://cdn.shopify.com/s/files/1/2633/5944/products/6a91783ff45083375f2b7af4fb41243b_1920x.jpg,https://cdn.shopify.com/s/files/1/2633/5944/products/db60d969eb01133f70a04d9792313643_1920x.jpg,https://cdn.shopify.com/s/files/1/2633/5944/products/3f29fbd7d03c12a0505aee254d157f4e_1920x.jpg,https://cdn.shopify.com/s/files/1/2633/5944/products/9a4981d39bce6ded0a95d770223c979f_1920x.jpg,https://cdn.shopify.com/s/files/1/2633/5944/products/d7394497ca639646315169f678a9d317_1920x.jpg,,,,,,,,,,,,,,,,,
Work Trousers // Olive Herringbone Rogue Territory,Work Trousers // Olive Herringbone,125,SALE,Rogue Territory,Pants,Men,Work Wear; Classic,rogueterritory.com/3b497be68fd48b65aa9f7c5935d3e2a4d2b17ad1.jpg|rogueterritory.com/bbb8827b85e9225dc9a24b5cf247f9cadc312e7a.jpg|rogueterritory.com/0c17b5fabc9afd5c995be75b8b3af5fbf2d0abb4.jpg|rogueterritory.com/9af4db555c23ce69828c2bec517dd7d70b4b694d.jpg|rogueterritory.com/74280ef6a80db20cb7cb115ba05fc08696a992e8.jpg|rogueterritory.com/4cb07870a188219e1979a58056a730142fdc589d.jpg|rogueterritory.com/8f537f1da399026a83799dfdeb6577850e145023.jpg|rogueterritory.com/4620dfcae2e525eeedccfea19d9820c948468761.jpg|rogueterritory.com/b1c7481c66b34f621c8081079c85531bd1707598.jpg|rogueterritory.com/21e9050989b27bfb5d83a1a368beb6a4150dc4e1.jpg|rogueterritory.com/b6155cfac4fbcd6b3512ff603d8a8a9d61077c9e.jpg|rogueterritory.com/a492816fcc5a400b48fcdcd9edc9083cf354c1cc.jpg|rogueterritory.com/eb558bf74e7e6981d047154a3f98ceaa1f62365e.jpg|rogueterritory.com/ac745c98fd31962803a9f9798462948296a7669b.jpg,https://cdn.shopify.com/s/files/1/2633/5944/products/5403d4092b2d16e5b053fa2d92c649fe_1920x.jpg,https://cdn.shopify.com/s/files/1/2633/5944/products/215436e719fa6f65efcbf6492ab5e4d5_1920x.jpg,https://cdn.shopify.com/s/files/1/2633/5944/products/ff46ba562d912c8f3d71e8002b6f9f72_1920x.jpg,https://cdn.shopify.com/s/files/1/2633/5944/products/15f70290f4a124504f943ce35924c248_1920x.jpg,https://cdn.shopify.com/s/files/1/2633/5944/products/99c19f5857036f0c87d82db8238c1207_1920x.jpg,https://cdn.shopify.com/s/files/1/2633/5944/products/014006c133c3869fdd1f52f4cd498a97_1920x.jpg,https://cdn.shopify.com/s/files/1/2633/5944/products/RogueTerritory_RDBoarder_front_1920x.jpg,https://cdn.shopify.com/s/files/1/2633/5944/products/RogueTerritory_RDBoarder_side_1920x.jpg,https://cdn.shopify.com/s/files/1/2633/5944/products/RogueTerritory_SafariTrouserCamo_front_1920x.jpg,https://cdn.shopify.com/s/files/1/2633/5944/products/RogueTerritory_SafariTrouserCamo_side_1920x.jpg,https://cdn.shopify.com/s/files/1/2633/5944/products/4f0e2c0f75cc05988efe92b786d93647_1920x.jpg,https://cdn.shopify.com/s/files/1/2633/5944/products/b3b1b40955c3d273ddacb9e1f56f2c04_1920x.jpg,https://cdn.shopify.com/s/files/1/2633/5944/products/1667f3385c3c14b5cede8df262f35d6f_1920x.jpg,https://cdn.shopify.com/s/files/1/2633/5944/products/b19c07bc63e6f77df4a5a4a7ad742a4b_1920x.jpg,,,,,,,,,,,,,,,,,
Supply Jacket // Tan Ridgeline (Unlined) Rogue Territory,Supply Jacket // Tan Ridgeline (Unlined),295,JACKETS,Rogue Territory,Outerwear,Men,Work Wear; Classic; Heritage,rogueterritory.com/4859d51e09e5cf5618b84ef2e9320b6fb242cafa.jpg|rogueterritory.com/d872d15123327cbd1aa86441e49de11e9a259054.jpg|rogueterritory.com/75656c73353ac5e899595d2f23a64b4d33795167.jpg|rogueterritory.com/696d527cafbcca264ada4e9e4ed13f0a57aa3dc1.jpg|rogueterritory.com/456851942a0d2eee3c54014093c670dd43dc691d.jpg|rogueterritory.com/2172cc9d0c8a0746e53e2f1401bedadc232b5e2a.jpg|rogueterritory.com/694185a4fc34608e9aa0bbcc7ccd86a1b6527fbc.jpg|rogueterritory.com/7bbc432e0c49d97748d3b791e76d2c564c3110f0.jpg|rogueterritory.com/0c8bfe528a55e16e46e9cf12408ebd23cc623989.jpg|rogueterritory.com/04511b13480ab35efa4d1bd8de30df84e7fcfa67.jpg|rogueterritory.com/d102b1c1bc5f53875ff5537da7c2a457adacafdc.jpg|rogueterritory.com/80428256ba7b753416a11d6e579aa918e1dcadae.jpg|rogueterritory.com/71b1631f78cef013391a6efd318a24d93f018a68.jpg,https://cdn.shopify.com/s/files/1/2633/5944/products/e1b8cf1cd77d333629ae40ff0368a0d4_1920x.jpg,https://cdn.shopify.com/s/files/1/2633/5944/products/24eb68603804130fba39f9946a7beccb_1920x.jpg,https://cdn.shopify.com/s/files/1/2633/5944/products/bc45264861380411cedbff586bb2bd96_1920x.jpg,https://cdn.shopify.com/s/files/1/2633/5944/products/a0fcc09891e8ed6b45dd6d34157bbf40_1920x.jpg,https://cdn.shopify.com/s/files/1/2633/5944/products/dfaef9b1d34097cd97845a7f5326e95a_1920x.jpg,https://cdn.shopify.com/s/files/1/2633/5944/products/RogueTerritory_RDShacket_front_1920x.jpg,https://cdn.shopify.com/s/files/1/2633/5944/products/RogueTerritory_RDShacket_side_1920x.jpg,https://cdn.shopify.com/s/files/1/2633/5944/products/RogueTerritory_OceanStripe_front_1920x.jpg,https://cdn.shopify.com/s/files/1/2633/5944/products/RogueTerritory_OceanStripe_side_1920x.jpg,https://cdn.shopify.com/s/files/1/2633/5944/products/RogueTerritory_WorkShirtIndigoHT_front_1920x.jpg,https://cdn.shopify.com/s/files/1/2633/5944/products/RogueTerritory_WorkShirtIndigoHT_back_1920x.jpg,https://cdn.shopify.com/s/files/1/2633/5944/products/RogueTerritory_WesternHT_front_1920x.jpg,https://cdn.shopify.com/s/files/1/2633/5944/products/RogueTerritory_WesternHT_side_1920x.jpg,,,,,,,,,,,,,,,,,,
Supply Jacket // Stealth Black Rogue Territory,Supply Jacket // Stealth Black,275,JACKETS,Rogue Territory,Outerwear,Men,Work Wear; Classic; Heritage; Modern,rogueterritory.com/fc3f951fe23222ff8a33847a94caf1f26a4c82b0.jpg|rogueterritory.com/82e0c0cdde157a4151df615e818c8a37edb7776c.jpg|rogueterritory.com/2960c786f733b193d48d2db915fdc16b7444fb05.jpg|rogueterritory.com/4854f34b81e3c02407907d664b88e0847797b9e4.jpg|rogueterritory.com/eafaf4add827b6190da5dd2a2c55ca950ab9893a.jpg|rogueterritory.com/02ba9f51d90640c06a5394b36df2c9479629c4d5.jpg|rogueterritory.com/0f7048cd1c2673da37f614bf347528303f97d0f5.jpg|rogueterritory.com/2172cc9d0c8a0746e53e2f1401bedadc232b5e2a.jpg|rogueterritory.com/694185a4fc34608e9aa0bbcc7ccd86a1b6527fbc.jpg|rogueterritory.com/7bbc432e0c49d97748d3b791e76d2c564c3110f0.jpg|rogueterritory.com/0c8bfe528a55e16e46e9cf12408ebd23cc623989.jpg|rogueterritory.com/04511b13480ab35efa4d1bd8de30df84e7fcfa67.jpg|rogueterritory.com/d102b1c1bc5f53875ff5537da7c2a457adacafdc.jpg|rogueterritory.com/80428256ba7b753416a11d6e579aa918e1dcadae.jpg|rogueterritory.com/71b1631f78cef013391a6efd318a24d93f018a68.jpg,https://cdn.shopify.com/s/files/1/2633/5944/products/32cf2cb9af6655f21d11c366d8d14e6c_1920x.jpg,https://cdn.shopify.com/s/files/1/2633/5944/products/6d0d5230a2f4a5a384d2dfdc049cf3fb_1920x.jpg,https://cdn.shopify.com/s/files/1/2633/5944/products/20f4bfdc0de18bc22717a50e8620c46c_1920x.jpg,https://cdn.shopify.com/s/files/1/2633/5944/products/36fa30e30faa2f60c8a87761ecd188c7_1920x.jpg,https://cdn.shopify.com/s/files/1/2633/5944/products/454f2f13294f384545ba6cc9dd36ecbd_1920x.jpg,https://cdn.shopify.com/s/files/1/2633/5944/products/fccd99ae00830fbd86d0f3f6173edfd8_1920x.jpg,https://cdn.shopify.com/s/files/1/2633/5944/products/53050d3760c38f99d955b29f6fade176_1920x.jpg,https://cdn.shopify.com/s/files/1/2633/5944/products/RogueTerritory_RDShacket_front_1920x.jpg,https://cdn.shopify.com/s/files/1/2633/5944/products/RogueTerritory_RDShacket_side_1920x.jpg,https://cdn.shopify.com/s/files/1/2633/5944/products/RogueTerritory_OceanStripe_front_1920x.jpg,https://cdn.shopify.com/s/files/1/2633/5944/products/RogueTerritory_OceanStripe_side_1920x.jpg,https://cdn.shopify.com/s/files/1/2633/5944/products/RogueTerritory_WorkShirtIndigoHT_front_1920x.jpg,https://cdn.shopify.com/s/files/1/2633/5944/products/RogueTerritory_WorkShirtIndigoHT_back_1920x.jpg,https://cdn.shopify.com/s/files/1/2633/5944/products/RogueTerritory_WesternHT_front_1920x.jpg,https://cdn.shopify.com/s/files/1/2633/5944/products/RogueTerritory_WesternHT_side_1920x.jpg,,,,,,,,,,,,,,,,
Supply Jacket // Dark Indigo Rogue Territory,Supply Jacket // Dark Indigo,275,JACKETS,Rogue Territory,Outerwear,Men,Work Wear; Classic; Heritage; Modern,rogueterritory.com/4a7e76e963ae02261ce94675962cf2800155b6f8.jpg|rogueterritory.com/220c095cdbf0ac29ca39408a29e871ff3513d60e.jpg|rogueterritory.com/1429cbcfd4c36b90901b868d2411d42d1515cfd0.jpg|rogueterritory.com/edff907e1e6862cc63b694d011d816e58f343721.jpg|rogueterritory.com/013490aafea9dbe7f1f10368a83f115a74e06361.jpg|rogueterritory.com/2172cc9d0c8a0746e53e2f1401bedadc232b5e2a.jpg|rogueterritory.com/694185a4fc34608e9aa0bbcc7ccd86a1b6527fbc.jpg|rogueterritory.com/7bbc432e0c49d97748d3b791e76d2c564c3110f0.jpg|rogueterritory.com/0c8bfe528a55e16e46e9cf12408ebd23cc623989.jpg|rogueterritory.com/04511b13480ab35efa4d1bd8de30df84e7fcfa67.jpg|rogueterritory.com/d102b1c1bc5f53875ff5537da7c2a457adacafdc.jpg|rogueterritory.com/80428256ba7b753416a11d6e579aa918e1dcadae.jpg|rogueterritory.com/71b1631f78cef013391a6efd318a24d93f018a68.jpg,https://cdn.shopify.com/s/files/1/2633/5944/products/d40a846655d0e75952d159f9f54ce93c_1920x.jpg,https://cdn.shopify.com/s/files/1/2633/5944/products/09ac88eab6963082ce685fdc3c0a3691_1920x.jpg,https://cdn.shopify.com/s/files/1/2633/5944/products/e4f19c779cf8db13c5823ec547df814f_1920x.jpg,https://cdn.shopify.com/s/files/1/2633/5944/products/f49872bb432881e3cf47d08095327603_1920x.jpg,https://cdn.shopify.com/s/files/1/2633/5944/products/9cfd982d37e4255e6fba8e2019fa8cdf_1920x.jpg,https://cdn.shopify.com/s/files/1/2633/5944/products/RogueTerritory_RDShacket_front_1920x.jpg,https://cdn.shopify.com/s/files/1/2633/5944/products/RogueTerritory_RDShacket_side_1920x.jpg,https://cdn.shopify.com/s/files/1/2633/5944/products/RogueTerritory_OceanStripe_front_1920x.jpg,https://cdn.shopify.com/s/files/1/2633/5944/products/RogueTerritory_OceanStripe_side_1920x.jpg,https://cdn.shopify.com/s/files/1/2633/5944/products/RogueTerritory_WorkShirtIndigoHT_front_1920x.jpg,https://cdn.shopify.com/s/files/1/2633/5944/products/RogueTerritory_WorkShirtIndigoHT_back_1920x.jpg,https://cdn.shopify.com/s/files/1/2633/5944/products/RogueTerritory_WesternHT_front_1920x.jpg,https://cdn.shopify.com/s/files/1/2633/5944/products/RogueTerritory_WesternHT_side_1920x.jpg,,,,,,,,,,,,,,,,,,